problem_id,F,J,M,Best,status
Ta001_2,2,20,5,1865,feasible
Ta001_3,3,20,5,1257,feasible
Ta001_4,4,20,5,780,feasible
Ta001_5,5,20,5,500,feasible
Ta001_6,6,20,5,912,feasible
Ta001_7,7,20,5,693,feasible
Ta002_2,2,20,5,2629,feasible
Ta002_3,3,20,5,1599,feasible
Ta002_4,4,20,5,896,feasible
Ta002_5,5,20,5,771,feasible
Ta002_6,6,20,5,1127,feasible
Ta002_7,7,20,5,866,feasible
Ta003_2,2,20,5,2533,feasible
Ta003_3,3,20,5,1594,feasible
Ta003_4,4,20,5,1179,feasible
Ta003_5,5,20,5,673,feasible
Ta003_6,6,20,5,965,feasible
Ta003_7,7,20,5,746,feasible
Ta004_2,2,20,5,2904,feasible
Ta004_3,3,20,5,1701,feasible
Ta004_4,4,20,5,1341,feasible
Ta004_5,5,20,5,723,feasible
Ta004_6,6,20,5,1076,feasible
Ta004_7,7,20,5,837,feasible
Ta005_2,2,20,5,2161,feasible
Ta005_3,3,20,5,958,feasible
Ta005_4,4,20,5,664,feasible
Ta005_5,5,20,5,598,feasible
Ta005_6,6,20,5,886,feasible
Ta005_7,7,20,5,691,feasible
Ta006_2,2,20,5,1301,feasible
Ta006_3,3,20,5,848,feasible
Ta006_4,4,20,5,645,feasible
Ta006_5,5,20,5,305,feasible
Ta006_6,6,20,5,712,feasible
Ta006_7,7,20,5,528,feasible
Ta007_2,2,20,5,1968,feasible
Ta007_3,3,20,5,1167,feasible
Ta007_4,4,20,5,797,feasible
Ta007_5,5,20,5,335,feasible
Ta007_6,6,20,5,757,feasible
Ta007_7,7,20,5,546,feasible
Ta008_2,2,20,5,2317,feasible
Ta008_3,3,20,5,1486,feasible
Ta008_4,4,20,5,800,feasible
Ta008_5,5,20,5,388,feasible
Ta008_6,6,20,5,838,feasible
Ta008_7,7,20,5,640,feasible
Ta009_2,2,20,5,2417,feasible
Ta009_3,3,20,5,1923,feasible
Ta009_4,4,20,5,981,feasible
Ta009_5,5,20,5,632,feasible
Ta009_6,6,20,5,1008,feasible
Ta009_7,7,20,5,789,feasible
Ta010_2,2,20,5,2445,feasible
Ta010_3,3,20,5,1160,feasible
Ta010_4,4,20,5,731,feasible
Ta010_5,5,20,5,414,feasible
Ta010_6,6,20,5,807,feasible
Ta010_7,7,20,5,591,feasible
Ta011_2,2,20,10,2224,feasible
Ta011_3,3,20,10,1056,feasible
Ta011_4,4,20,10,634,feasible
Ta011_5,5,20,10,340,feasible
Ta011_6,6,20,10,911,feasible
Ta011_7,7,20,10,693,feasible
Ta012_2,2,20,10,2378,feasible
Ta012_3,3,20,10,1866,feasible
Ta012_4,4,20,10,1184,feasible
Ta012_5,5,20,10,666,feasible
Ta012_6,6,20,10,1314,feasible
Ta012_7,7,20,10,980,feasible
Ta013_2,2,20,10,2087,feasible
Ta013_3,3,20,10,1130,feasible
Ta013_4,4,20,10,674,feasible
Ta013_5,5,20,10,525,feasible
Ta013_6,6,20,10,972,feasible
Ta013_7,7,20,10,713,feasible
Ta014_2,2,20,10,2306,feasible
Ta014_3,3,20,10,1591,feasible
Ta014_4,4,20,10,906,feasible
Ta014_5,5,20,10,588,feasible
Ta014_6,6,20,10,1143,feasible
Ta014_7,7,20,10,824,feasible
Ta015_2,2,20,10,1276,feasible
Ta015_3,3,20,10,1013,feasible
Ta015_4,4,20,10,473,feasible
Ta015_5,5,20,10,479,feasible
Ta015_6,6,20,10,812,feasible
Ta015_7,7,20,10,571,feasible
Ta016_2,2,20,10,2023,feasible
Ta016_3,3,20,10,1044,feasible
Ta016_4,4,20,10,743,feasible
Ta016_5,5,20,10,482,feasible
Ta016_6,6,20,10,1018,feasible
Ta016_7,7,20,10,787,feasible
Ta017_2,2,20,10,1152,feasible
Ta017_3,3,20,10,910,feasible
Ta017_4,4,20,10,517,feasible
Ta017_5,5,20,10,367,feasible
Ta017_6,6,20,10,792,feasible
Ta017_7,7,20,10,618,feasible
Ta018_2,2,20,10,1858,feasible
Ta018_3,3,20,10,1288,feasible
Ta018_4,4,20,10,606,feasible
Ta018_5,5,20,10,710,feasible
Ta018_6,6,20,10,1010,feasible
Ta018_7,7,20,10,724,feasible
Ta019_2,2,20,10,1478,feasible
Ta019_3,3,20,10,1115,feasible
Ta019_4,4,20,10,622,feasible
Ta019_5,5,20,10,322,feasible
Ta019_6,6,20,10,819,feasible
Ta019_7,7,20,10,606,feasible
Ta020_2,2,20,10,1996,feasible
Ta020_3,3,20,10,1476,feasible
Ta020_4,4,20,10,310,feasible
Ta020_5,5,20,10,335,feasible
Ta020_6,6,20,10,1029,feasible
Ta020_7,7,20,10,784,feasible
Ta021_2,2,20,20,4331,feasible
Ta021_3,3,20,20,2673,feasible
Ta021_4,4,20,20,1776,feasible
Ta021_5,5,20,20,1219,feasible
Ta021_6,6,20,20,1439,feasible
Ta021_7,7,20,20,1137,feasible
Ta022_2,2,20,20,4551,feasible
Ta022_3,3,20,20,2919,feasible
Ta022_4,4,20,20,2064,feasible
Ta022_5,5,20,20,1296,feasible
Ta022_6,6,20,20,1575,feasible
Ta022_7,7,20,20,1215,feasible
Ta023_2,2,20,20,4715,feasible
Ta023_3,3,20,20,3303,feasible
Ta023_4,4,20,20,1877,feasible
Ta023_5,5,20,20,1475,feasible
Ta023_6,6,20,20,1573,feasible
Ta023_7,7,20,20,1191,feasible
Ta024_2,2,20,20,3620,feasible
Ta024_3,3,20,20,2231,feasible
Ta024_4,4,20,20,1254,feasible
Ta024_5,5,20,20,830,feasible
Ta024_6,6,20,20,964,feasible
Ta024_7,7,20,20,703,feasible
Ta025_2,2,20,20,4853,feasible
Ta025_3,3,20,20,2892,feasible
Ta025_4,4,20,20,1892,feasible
Ta025_5,5,20,20,1220,feasible
Ta025_6,6,20,20,1596,feasible
Ta025_7,7,20,20,1205,feasible
Ta026_2,2,20,20,4610,feasible
Ta026_3,3,20,20,2655,feasible
Ta026_4,4,20,20,1370,feasible
Ta026_5,5,20,20,1063,feasible
Ta026_6,6,20,20,1320,feasible
Ta026_7,7,20,20,980,feasible
Ta027_2,2,20,20,4221,feasible
Ta027_3,3,20,20,2687,feasible
Ta027_4,4,20,20,1772,feasible
Ta027_5,5,20,20,1333,feasible
Ta027_6,6,20,20,1363,feasible
Ta027_7,7,20,20,1010,feasible
Ta028_2,2,20,20,3824,feasible
Ta028_3,3,20,20,2353,feasible
Ta028_4,4,20,20,1338,feasible
Ta028_5,5,20,20,959,feasible
Ta028_6,6,20,20,1131,feasible
Ta028_7,7,20,20,838,feasible
Ta029_2,2,20,20,4354,feasible
Ta029_3,3,20,20,2687,feasible
Ta029_4,4,20,20,1792,feasible
Ta029_5,5,20,20,1172,feasible
Ta029_6,6,20,20,1399,feasible
Ta029_7,7,20,20,1033,feasible
Ta030_2,2,20,20,4357,feasible
Ta030_3,3,20,20,2463,feasible
Ta030_4,4,20,20,1630,feasible
Ta030_5,5,20,20,1245,feasible
Ta030_6,6,20,20,1353,feasible
Ta030_7,7,20,20,1041,feasible
Ta031_2,2,50,5,9455,feasible
Ta031_3,3,50,5,4121,feasible
Ta031_4,4,50,5,2619,feasible
Ta031_5,5,50,5,3274,feasible
Ta031_6,6,50,5,2710,feasible
Ta031_7,7,50,5,1387,feasible
Ta032_2,2,50,5,6957,feasible
Ta032_3,3,50,5,5452,feasible
Ta032_4,4,50,5,3875,feasible
Ta032_5,5,50,5,2718,feasible
Ta032_6,6,50,5,2155,feasible
Ta032_7,7,50,5,1399,feasible
Ta033_2,2,50,5,8154,feasible
Ta033_3,3,50,5,5044,feasible
Ta033_4,4,50,5,4040,feasible
Ta033_5,5,50,5,2328,feasible
Ta033_6,6,50,5,2050,feasible
Ta033_7,7,50,5,1976,feasible
Ta034_2,2,50,5,9267,feasible
Ta034_3,3,50,5,6778,feasible
Ta034_4,4,50,5,4814,feasible
Ta034_5,5,50,5,3209,feasible
Ta034_6,6,50,5,2325,feasible
Ta034_7,7,50,5,2074,feasible
Ta035_2,2,50,5,9637,feasible
Ta035_3,3,50,5,6554,feasible
Ta035_4,4,50,5,3310,feasible
Ta035_5,5,50,5,3405,feasible
Ta035_6,6,50,5,2219,feasible
Ta035_7,7,50,5,1757,feasible
Ta036_2,2,50,5,7594,feasible
Ta036_3,3,50,5,3884,feasible
Ta036_4,4,50,5,2877,feasible
Ta036_5,5,50,5,1939,feasible
Ta036_6,6,50,5,2047,feasible
Ta036_7,7,50,5,1093,feasible
Ta037_2,2,50,5,8074,feasible
Ta037_3,3,50,5,6581,feasible
Ta037_4,4,50,5,3393,feasible
Ta037_5,5,50,5,2643,feasible
Ta037_6,6,50,5,2271,feasible
Ta037_7,7,50,5,2047,feasible
Ta038_2,2,50,5,8110,feasible
Ta038_3,3,50,5,5406,feasible
Ta038_4,4,50,5,4633,feasible
Ta038_5,5,50,5,1481,feasible
Ta038_6,6,50,5,1624,feasible
Ta038_7,7,50,5,1413,feasible
Ta039_2,2,50,5,10578,feasible
Ta039_3,3,50,5,5814,feasible
Ta039_4,4,50,5,3506,feasible
Ta039_5,5,50,5,2843,feasible
Ta039_6,6,50,5,2672,feasible
Ta039_7,7,50,5,2700,feasible
Ta040_2,2,50,5,10389,feasible
Ta040_3,3,50,5,6401,feasible
Ta040_4,4,50,5,4408,feasible
Ta040_5,5,50,5,2245,feasible
Ta040_6,6,50,5,2897,feasible
Ta040_7,7,50,5,1193,feasible
Ta041_2,2,50,10,7248,feasible
Ta041_3,3,50,10,3424,feasible
Ta041_4,4,50,10,3021,feasible
Ta041_5,5,50,10,2119,feasible
Ta041_6,6,50,10,2770,feasible
Ta041_7,7,50,10,2006,feasible
Ta042_2,2,50,10,6184,feasible
Ta042_3,3,50,10,4727,feasible
Ta042_4,4,50,10,2064,feasible
Ta042_5,5,50,10,1196,feasible
Ta042_6,6,50,10,1072,feasible
Ta042_7,7,50,10,1404,feasible
Ta043_2,2,50,10,3985,feasible
Ta043_3,3,50,10,4256,feasible
Ta043_4,4,50,10,2073,feasible
Ta043_5,5,50,10,595,feasible
Ta043_6,6,50,10,2457,feasible
Ta043_7,7,50,10,583,feasible
Ta044_2,2,50,10,9004,feasible
Ta044_3,3,50,10,4260,feasible
Ta044_4,4,50,10,2181,feasible
Ta044_5,5,50,10,2340,feasible
Ta044_6,6,50,10,2565,feasible
Ta044_7,7,50,10,2409,feasible
Ta045_2,2,50,10,7107,feasible
Ta045_3,3,50,10,4871,feasible
Ta045_4,4,50,10,2451,feasible
Ta045_5,5,50,10,2362,feasible
Ta045_6,6,50,10,2128,feasible
Ta045_7,7,50,10,1242,feasible
Ta046_2,2,50,10,7150,feasible
Ta046_3,3,50,10,3907,feasible
Ta046_4,4,50,10,3249,feasible
Ta046_5,5,50,10,2311,feasible
Ta046_6,6,50,10,1512,feasible
Ta046_7,7,50,10,888,feasible
Ta047_2,2,50,10,7985,feasible
Ta047_3,3,50,10,7315,feasible
Ta047_4,4,50,10,4715,feasible
Ta047_5,5,50,10,2838,feasible
Ta047_6,6,50,10,2932,feasible
Ta047_7,7,50,10,1891,feasible
Ta048_2,2,50,10,3589,feasible
Ta048_3,3,50,10,6711,feasible
Ta048_4,4,50,10,3743,feasible
Ta048_5,5,50,10,3497,feasible
Ta048_6,6,50,10,2548,feasible
Ta048_7,7,50,10,1755,feasible
Ta049_2,2,50,10,6003,feasible
Ta049_3,3,50,10,6225,feasible
Ta049_4,4,50,10,4764,feasible
Ta049_5,5,50,10,4218,feasible
Ta049_6,6,50,10,2246,feasible
Ta049_7,7,50,10,2335,feasible
Ta050_2,2,50,10,9424,feasible
Ta050_3,3,50,10,3495,feasible
Ta050_4,4,50,10,3223,feasible
Ta050_5,5,50,10,2799,feasible
Ta050_6,6,50,10,1887,feasible
Ta050_7,7,50,10,1432,feasible
Ta051_2,2,50,20,6302,feasible
Ta051_3,3,50,20,6526,feasible
Ta051_4,4,50,20,3628,feasible
Ta051_5,5,50,20,3369,feasible
Ta051_6,6,50,20,2735,feasible
Ta051_7,7,50,20,1642,feasible
Ta052_2,2,50,20,11341,feasible
Ta052_3,3,50,20,3294,feasible
Ta052_4,4,50,20,4879,feasible
Ta052_5,5,50,20,4289,feasible
Ta052_6,6,50,20,1462,feasible
Ta052_7,7,50,20,901,feasible
Ta053_2,2,50,20,6625,feasible
Ta053_3,3,50,20,5684,feasible
Ta053_4,4,50,20,5255,feasible
Ta053_5,5,50,20,2983,feasible
Ta053_6,6,50,20,2866,feasible
Ta053_7,7,50,20,2254,feasible
Ta054_2,2,50,20,8582,feasible
Ta054_3,3,50,20,6286,feasible
Ta054_4,4,50,20,4815,feasible
Ta054_5,5,50,20,3287,feasible
Ta054_6,6,50,20,2769,feasible
Ta054_7,7,50,20,1679,feasible
Ta055_2,2,50,20,6810,feasible
Ta055_3,3,50,20,3615,feasible
Ta055_4,4,50,20,4700,feasible
Ta055_5,5,50,20,1632,feasible
Ta055_6,6,50,20,2132,feasible
Ta055_7,7,50,20,1169,feasible
Ta056_2,2,50,20,4573,feasible
Ta056_3,3,50,20,6880,feasible
Ta056_4,4,50,20,3593,feasible
Ta056_5,5,50,20,3977,feasible
Ta056_6,6,50,20,3059,feasible
Ta056_7,7,50,20,2274,feasible
Ta057_2,2,50,20,7392,feasible
Ta057_3,3,50,20,8114,feasible
Ta057_4,4,50,20,5194,feasible
Ta057_5,5,50,20,3771,feasible
Ta057_6,6,50,20,3214,feasible
Ta057_7,7,50,20,1760,feasible
Ta058_2,2,50,20,9395,feasible
Ta058_3,3,50,20,4462,feasible
Ta058_4,4,50,20,5420,feasible
Ta058_5,5,50,20,6206,feasible
Ta058_6,6,50,20,3007,feasible
Ta058_7,7,50,20,2674,feasible
Ta059_2,2,50,20,8858,feasible
Ta059_3,3,50,20,5570,feasible
Ta059_4,4,50,20,4351,feasible
Ta059_5,5,50,20,2271,feasible
Ta059_6,6,50,20,2098,feasible
Ta059_7,7,50,20,2239,feasible
Ta060_2,2,50,20,10684,feasible
Ta060_3,3,50,20,4939,feasible
Ta060_4,4,50,20,5397,feasible
Ta060_5,5,50,20,2675,feasible
Ta060_6,6,50,20,2762,feasible
Ta060_7,7,50,20,2661,feasible
Ta061_2,2,100,5,58837,feasible
Ta061_3,3,100,5,34351,feasible
Ta061_4,4,100,5,26583,feasible
Ta061_5,5,100,5,20218,feasible
Ta061_6,6,100,5,16617,feasible
Ta061_7,7,100,5,14467,feasible
Ta062_2,2,100,5,51018,feasible
Ta062_3,3,100,5,32412,feasible
Ta062_4,4,100,5,20714,feasible
Ta062_5,5,100,5,19928,feasible
Ta062_6,6,100,5,11150,feasible
Ta062_7,7,100,5,12360,feasible
Ta063_2,2,100,5,48647,feasible
Ta063_3,3,100,5,34847,feasible
Ta063_4,4,100,5,21877,feasible
Ta063_5,5,100,5,19447,feasible
Ta063_6,6,100,5,17107,feasible
Ta063_7,7,100,5,11448,feasible
Ta064_2,2,100,5,48681,feasible
Ta064_3,3,100,5,27930,feasible
Ta064_4,4,100,5,23862,feasible
Ta064_5,5,100,5,16471,feasible
Ta064_6,6,100,5,15149,feasible
Ta064_7,7,100,5,12174,feasible
Ta065_2,2,100,5,54151,feasible
Ta065_3,3,100,5,30122,feasible
Ta065_4,4,100,5,21902,feasible
Ta065_5,5,100,5,20149,feasible
Ta065_6,6,100,5,14275,feasible
Ta065_7,7,100,5,10397,feasible
Ta066_2,2,100,5,53321,feasible
Ta066_3,3,100,5,29939,feasible
Ta066_4,4,100,5,22533,feasible
Ta066_5,5,100,5,16623,feasible
Ta066_6,6,100,5,12790,feasible
Ta066_7,7,100,5,12517,feasible
Ta067_2,2,100,5,48079,feasible
Ta067_3,3,100,5,33791,feasible
Ta067_4,4,100,5,24268,feasible
Ta067_5,5,100,5,20771,feasible
Ta067_6,6,100,5,15756,feasible
Ta067_7,7,100,5,11633,feasible
Ta068_2,2,100,5,41345,feasible
Ta068_3,3,100,5,29503,feasible
Ta068_4,4,100,5,23440,feasible
Ta068_5,5,100,5,16850,feasible
Ta068_6,6,100,5,13855,feasible
Ta068_7,7,100,5,11247,feasible
Ta069_2,2,100,5,50120,feasible
Ta069_3,3,100,5,38324,feasible
Ta069_4,4,100,5,24566,feasible
Ta069_5,5,100,5,19416,feasible
Ta069_6,6,100,5,16357,feasible
Ta069_7,7,100,5,14456,feasible
Ta070_2,2,100,5,54148,feasible
Ta070_3,3,100,5,29595,feasible
Ta070_4,4,100,5,24220,feasible
Ta070_5,5,100,5,18657,feasible
Ta070_6,6,100,5,15570,feasible
Ta070_7,7,100,5,12777,feasible
Ta071_2,2,100,10,45395,feasible
Ta071_3,3,100,10,29485,feasible
Ta071_4,4,100,10,15789,feasible
Ta071_5,5,100,10,12490,feasible
Ta071_6,6,100,10,14525,feasible
Ta071_7,7,100,10,12315,feasible
Ta072_2,2,100,10,35719,feasible
Ta072_3,3,100,10,25238,feasible
Ta072_4,4,100,10,18435,feasible
Ta072_5,5,100,10,15365,feasible
Ta072_6,6,100,10,12353,feasible
Ta072_7,7,100,10,10541,feasible
Ta073_2,2,100,10,39668,feasible
Ta073_3,3,100,10,25654,feasible
Ta073_4,4,100,10,21971,feasible
Ta073_5,5,100,10,17579,feasible
Ta073_6,6,100,10,10092,feasible
Ta073_7,7,100,10,11486,feasible
Ta074_2,2,100,10,41462,feasible
Ta074_3,3,100,10,24380,feasible
Ta074_4,4,100,10,22200,feasible
Ta074_5,5,100,10,14395,feasible
Ta074_6,6,100,10,13728,feasible
Ta074_7,7,100,10,11240,feasible
Ta075_2,2,100,10,35024,feasible
Ta075_3,3,100,10,25558,feasible
Ta075_4,4,100,10,23345,feasible
Ta075_5,5,100,10,16043,feasible
Ta075_6,6,100,10,13334,feasible
Ta075_7,7,100,10,13029,feasible
Ta076_2,2,100,10,41526,feasible
Ta076_3,3,100,10,27677,feasible
Ta076_4,4,100,10,19872,feasible
Ta076_5,5,100,10,15669,feasible
Ta076_6,6,100,10,14374,feasible
Ta076_7,7,100,10,11580,feasible
Ta077_2,2,100,10,39389,feasible
Ta077_3,3,100,10,24698,feasible
Ta077_4,4,100,10,21076,feasible
Ta077_5,5,100,10,15662,feasible
Ta077_6,6,100,10,12025,feasible
Ta077_7,7,100,10,8938,feasible
Ta078_2,2,100,10,49898,feasible
Ta078_3,3,100,10,30476,feasible
Ta078_4,4,100,10,23562,feasible
Ta078_5,5,100,10,18136,feasible
Ta078_6,6,100,10,15043,feasible
Ta078_7,7,100,10,13616,feasible
Ta079_2,2,100,10,34484,feasible
Ta079_3,3,100,10,32246,feasible
Ta079_4,4,100,10,22630,feasible
Ta079_5,5,100,10,17676,feasible
Ta079_6,6,100,10,15729,feasible
Ta079_7,7,100,10,13752,feasible
Ta080_2,2,100,10,36466,feasible
Ta080_3,3,100,10,27621,feasible
Ta080_4,4,100,10,24312,feasible
Ta080_5,5,100,10,15497,feasible
Ta080_6,6,100,10,16122,feasible
Ta080_7,7,100,10,10816,feasible
Ta081_2,2,100,20,30765,feasible
Ta081_3,3,100,20,16787,feasible
Ta081_4,4,100,20,14226,feasible
Ta081_5,5,100,20,14507,feasible
Ta081_6,6,100,20,9161,feasible
Ta081_7,7,100,20,8714,feasible
Ta082_2,2,100,20,21133,feasible
Ta082_3,3,100,20,17505,feasible
Ta082_4,4,100,20,14709,feasible
Ta082_5,5,100,20,16603,feasible
Ta082_6,6,100,20,9150,feasible
Ta082_7,7,100,20,8049,feasible
Ta083_2,2,100,20,23192,feasible
Ta083_3,3,100,20,24143,feasible
Ta083_4,4,100,20,23411,feasible
Ta083_5,5,100,20,10115,feasible
Ta083_6,6,100,20,15751,feasible
Ta083_7,7,100,20,7718,feasible
Ta084_2,2,100,20,37434,feasible
Ta084_3,3,100,20,25784,feasible
Ta084_4,4,100,20,21721,feasible
Ta084_5,5,100,20,12549,feasible
Ta084_6,6,100,20,13665,feasible
Ta084_7,7,100,20,9252,feasible
Ta085_2,2,100,20,33206,feasible
Ta085_3,3,100,20,19737,feasible
Ta085_4,4,100,20,18241,feasible
Ta085_5,5,100,20,15360,feasible
Ta085_6,6,100,20,10511,feasible
Ta085_7,7,100,20,9858,feasible
Ta086_2,2,100,20,34151,feasible
Ta086_3,3,100,20,23347,feasible
Ta086_4,4,100,20,16860,feasible
Ta086_5,5,100,20,14116,feasible
Ta086_6,6,100,20,10601,feasible
Ta086_7,7,100,20,10711,feasible
Ta087_2,2,100,20,13503,feasible
Ta087_3,3,100,20,17557,feasible
Ta087_4,4,100,20,15388,feasible
Ta087_5,5,100,20,12395,feasible
Ta087_6,6,100,20,16696,feasible
Ta087_7,7,100,20,8765,feasible
Ta088_2,2,100,20,26041,feasible
Ta088_3,3,100,20,21403,feasible
Ta088_4,4,100,20,22626,feasible
Ta088_5,5,100,20,16847,feasible
Ta088_6,6,100,20,11251,feasible
Ta088_7,7,100,20,12322,feasible
Ta089_2,2,100,20,25156,feasible
Ta089_3,3,100,20,19411,feasible
Ta089_4,4,100,20,9650,feasible
Ta089_5,5,100,20,13643,feasible
Ta089_6,6,100,20,14961,feasible
Ta089_7,7,100,20,9353,feasible
Ta090_2,2,100,20,26696,feasible
Ta090_3,3,100,20,23684,feasible
Ta090_4,4,100,20,16559,feasible
Ta090_5,5,100,20,11266,feasible
Ta090_6,6,100,20,10927,feasible
Ta090_7,7,100,20,8303,feasible
Ta091_2,2,200,10,238878,feasible
Ta091_3,3,200,10,165625,feasible
Ta091_4,4,200,10,124947,feasible
Ta091_5,5,200,10,98648,feasible
Ta091_6,6,200,10,86892,feasible
Ta091_7,7,200,10,69536,feasible
Ta092_2,2,200,10,254536,feasible
Ta092_3,3,200,10,161342,feasible
Ta092_4,4,200,10,126541,feasible
Ta092_5,5,200,10,103186,feasible
Ta092_6,6,200,10,81910,feasible
Ta092_7,7,200,10,71431,feasible
Ta093_2,2,200,10,245099,feasible
Ta093_3,3,200,10,161838,feasible
Ta093_4,4,200,10,120888,feasible
Ta093_5,5,200,10,96210,feasible
Ta093_6,6,200,10,76329,feasible
Ta093_7,7,200,10,71728,feasible
Ta094_2,2,200,10,232891,feasible
Ta094_3,3,200,10,147280,feasible
Ta094_4,4,200,10,122786,feasible
Ta094_5,5,200,10,93908,feasible
Ta094_6,6,200,10,78032,feasible
Ta094_7,7,200,10,66123,feasible
Ta095_2,2,200,10,229093,feasible
Ta095_3,3,200,10,168867,feasible
Ta095_4,4,200,10,122534,feasible
Ta095_5,5,200,10,99687,feasible
Ta095_6,6,200,10,80547,feasible
Ta095_7,7,200,10,69877,feasible
Ta096_2,2,200,10,245207,feasible
Ta096_3,3,200,10,157673,feasible
Ta096_4,4,200,10,120287,feasible
Ta096_5,5,200,10,96330,feasible
Ta096_6,6,200,10,79612,feasible
Ta096_7,7,200,10,68967,feasible
Ta097_2,2,200,10,226505,feasible
Ta097_3,3,200,10,178967,feasible
Ta097_4,4,200,10,124504,feasible
Ta097_5,5,200,10,99876,feasible
Ta097_6,6,200,10,88197,feasible
Ta097_7,7,200,10,71526,feasible
Ta098_2,2,200,10,223975,feasible
Ta098_3,3,200,10,165543,feasible
Ta098_4,4,200,10,129865,feasible
Ta098_5,5,200,10,101254,feasible
Ta098_6,6,200,10,84888,feasible
Ta098_7,7,200,10,75366,feasible
Ta099_2,2,200,10,251723,feasible
Ta099_3,3,200,10,151338,feasible
Ta099_4,4,200,10,122650,feasible
Ta099_5,5,200,10,97298,feasible
Ta099_6,6,200,10,79656,feasible
Ta099_7,7,200,10,71019,feasible
Ta100_2,2,200,10,252034,feasible
Ta100_3,3,200,10,173231,feasible
Ta100_4,4,200,10,128153,feasible
Ta100_5,5,200,10,98110,feasible
Ta100_6,6,200,10,75333,feasible
Ta100_7,7,200,10,68993,feasible
Ta101_2,2,200,20,99174,feasible
Ta101_3,3,200,20,69454,feasible
Ta101_4,4,200,20,64004,feasible
Ta101_5,5,200,20,51035,feasible
Ta101_6,6,200,20,51948,feasible
Ta101_7,7,200,20,36868,feasible
Ta102_2,2,200,20,105859,feasible
Ta102_3,3,200,20,82225,feasible
Ta102_4,4,200,20,60563,feasible
Ta102_5,5,200,20,44448,feasible
Ta102_6,6,200,20,42168,feasible
Ta102_7,7,200,20,43236,feasible
Ta103_2,2,200,20,101061,feasible
Ta103_3,3,200,20,69088,feasible
Ta103_4,4,200,20,68761,feasible
Ta103_5,5,200,20,49517,feasible
Ta103_6,6,200,20,43209,feasible
Ta103_7,7,200,20,44435,feasible
Ta104_2,2,200,20,92611,feasible
Ta104_3,3,200,20,95763,feasible
Ta104_4,4,200,20,43522,feasible
Ta104_5,5,200,20,55377,feasible
Ta104_6,6,200,20,39594,feasible
Ta104_7,7,200,20,36099,feasible
Ta105_2,2,200,20,87914,feasible
Ta105_3,3,200,20,77681,feasible
Ta105_4,4,200,20,67660,feasible
Ta105_5,5,200,20,48198,feasible
Ta105_6,6,200,20,42290,feasible
Ta105_7,7,200,20,42370,feasible
Ta106_2,2,200,20,70871,feasible
Ta106_3,3,200,20,60058,feasible
Ta106_4,4,200,20,49411,feasible
Ta106_5,5,200,20,45078,feasible
Ta106_6,6,200,20,44518,feasible
Ta106_7,7,200,20,32090,feasible
Ta107_2,2,200,20,77185,feasible
Ta107_3,3,200,20,65683,feasible
Ta107_4,4,200,20,63848,feasible
Ta107_5,5,200,20,52755,feasible
Ta107_6,6,200,20,43892,feasible
Ta107_7,7,200,20,39961,feasible
Ta108_2,2,200,20,74217,feasible
Ta108_3,3,200,20,77745,feasible
Ta108_4,4,200,20,57151,feasible
Ta108_5,5,200,20,48721,feasible
Ta108_6,6,200,20,45538,feasible
Ta108_7,7,200,20,39186,feasible
Ta109_2,2,200,20,101929,feasible
Ta109_3,3,200,20,81035,feasible
Ta109_4,4,200,20,50613,feasible
Ta109_5,5,200,20,45094,feasible
Ta109_6,6,200,20,41168,feasible
Ta109_7,7,200,20,37430,feasible
Ta110_2,2,200,20,75361,feasible
Ta110_3,3,200,20,35264,feasible
Ta110_4,4,200,20,75664,feasible
Ta110_5,5,200,20,38783,feasible
Ta110_6,6,200,20,44270,feasible
Ta110_7,7,200,20,44326,feasible
Ta111_2,2,500,20,2090545,feasible
Ta111_3,3,500,20,1466938,feasible
Ta111_4,4,500,20,1120136,feasible
Ta111_5,5,500,20,891864,feasible
Ta111_6,6,500,20,771459,feasible
Ta111_7,7,500,20,665266,feasible
Ta112_2,2,500,20,2074718,feasible
Ta112_3,3,500,20,1485486,feasible
Ta112_4,4,500,20,1144445,feasible
Ta112_5,5,500,20,937590,feasible
Ta112_6,6,500,20,786180,feasible
Ta112_7,7,500,20,687137,feasible
Ta113_2,2,500,20,2077588,feasible
Ta113_3,3,500,20,1427320,feasible
Ta113_4,4,500,20,1107250,feasible
Ta113_5,5,500,20,914932,feasible
Ta113_6,6,500,20,782960,feasible
Ta113_7,7,500,20,672093,feasible
Ta114_2,2,500,20,2086111,feasible
Ta114_3,3,500,20,1447064,feasible
Ta114_4,4,500,20,1109664,feasible
Ta114_5,5,500,20,934837,feasible
Ta114_6,6,500,20,784477,feasible
Ta114_7,7,500,20,663475,feasible
Ta115_2,2,500,20,2058885,feasible
Ta115_3,3,500,20,1449540,feasible
Ta115_4,4,500,20,1111867,feasible
Ta115_5,5,500,20,921272,feasible
Ta115_6,6,500,20,767019,feasible
Ta115_7,7,500,20,673159,feasible
Ta116_2,2,500,20,2085814,feasible
Ta116_3,3,500,20,1417154,feasible
Ta116_4,4,500,20,1096056,feasible
Ta116_5,5,500,20,918530,feasible
Ta116_6,6,500,20,757052,feasible
Ta116_7,7,500,20,658452,feasible
Ta117_2,2,500,20,1966756,feasible
Ta117_3,3,500,20,1390197,feasible
Ta117_4,4,500,20,1103478,feasible
Ta117_5,5,500,20,886203,feasible
Ta117_6,6,500,20,756302,feasible
Ta117_7,7,500,20,663233,feasible
Ta118_2,2,500,20,2062046,feasible
Ta118_3,3,500,20,1460480,feasible
Ta118_4,4,500,20,1108791,feasible
Ta118_5,5,500,20,881111,feasible
Ta118_6,6,500,20,777732,feasible
Ta118_7,7,500,20,658896,feasible
Ta119_2,2,500,20,2065117,feasible
Ta119_3,3,500,20,1431967,feasible
Ta119_4,4,500,20,1085032,feasible
Ta119_5,5,500,20,899451,feasible
Ta119_6,6,500,20,768390,feasible
Ta119_7,7,500,20,666827,feasible
Ta120_2,2,500,20,2060988,feasible
Ta120_3,3,500,20,1430647,feasible
Ta120_4,4,500,20,1096515,feasible
Ta120_5,5,500,20,907113,feasible
Ta120_6,6,500,20,740912,feasible
Ta120_7,7,500,20,684164,feasible
